# threads, number of digits, elapsed time (seconds)
1,10000,40.882452556
2,10000,20.461503384
3,10000,13.632951109
4,10000,10.221034548
8,10000,5.111173127
9,10000,4.544199418
16,10000,2.553936143
18,10000,2.271314938
32,10000,1.278896466
36,10000,1.136957582
64,10000,0.641262216
72,10000,0.571230069
