Function,Rate (MB/s),Rate (MFlop/s),Avg time,Min time,Max time
Init,363057.12250001135,0.0,0.0026843046666666665,0.002644212,0.002716724
Copy,311681.1268311672,0.0,0.006244175333333334,0.006160142,0.006390641
Update,287087.4351698257,17942.964698114105,0.006880126666666667,0.006687858,0.00777894
Triad,305662.68785121356,25471.890654267798,0.009528740444444442,0.009422151,0.009633001
Daxpy,305728.07016798906,25477.339180665753,0.009631425777777777,0.009420136,0.010342222
STriad,314208.5858968949,19638.036618555932,0.012427436333333335,0.012221181,0.012778209
SDaxpy,308261.45516425435,19266.340947765897,0.012627949555555556,0.012456958,0.012786592
