Function,Rate (MB/s),Rate (MFlop/s),Avg time,Min time,Max time
Init,362767.23380537156,0.0,0.002690719555555556,0.002646325,0.002770614
Copy,316956.4782437441,0.0,0.006477767444444445,0.006057614,0.007261368
Update,292217.4280300436,18263.589251877725,0.006629924999999999,0.00657045,0.006759348
Triad,307818.32904240285,25651.527420200237,0.009590627,0.009356168,0.009780811
Daxpy,310708.83906231524,25892.403255192938,0.009398920666666666,0.009269128,0.009624266
STriad,312527.6971567549,19532.98107229718,0.012493927666666665,0.012286911,0.01274077
SDaxpy,313448.5338322389,19590.533364514933,0.01241709877777778,0.012250815,0.01261629
