# threads, N, FLOPS
1,8192,3.692002876202547e10
2,8192,7.31103948493024e10
4,8192,1.452846037639388e11
8,8192,2.866316919192756e11
9,8192,3.223337626935863e11
16,8192,5.178492878872594e11
18,8192,5.65464901582623e11
32,8192,8.303224126680936e11
36,8192,9.535259280821858e11
64,8192,1.0365534925373855e12
72,8192,9.261464459042719e11
