# threads, number of steps, elapsed time (seconds)
1,5000000000,3.781237705
2,5000000000,1.911510495
3,5000000000,1.281334584
4,5000000000,0.961296832
8,5000000000,0.481145231
9,5000000000,0.42721353
16,5000000000,0.242007782
18,5000000000,0.215069546
32,5000000000,0.121067265
36,5000000000,0.108179135
64,5000000000,0.061224697
72,5000000000,0.05447213
128,5000000000,0.031153065
144,5000000000,0.027903449
