# threads, number of steps, elapsed time (seconds)
1,5000000000,3.822090478
2,10000000000,3.864557555
3,15000000000,3.898880919
4,20000000000,3.880983567
8,40000000000,3.889071921
9,45000000000,3.883696847
16,80000000000,3.896009564
18,90000000000,3.890765429
32,160000000000,3.893894503
36,180000000000,3.882530104
64,320000000000,3.893996547
72,360000000000,3.8921857
128,640000000000,3.909559582
144,720000000000,3.900163786
