Function,Rate (MB/s),Rate (MFlop/s),Avg time,Min time,Max time
Init,364061.653841078,0.0,0.0026735742222222217,0.002636916,0.002708245
Copy,315219.64159855107,0.0,0.006192221888888889,0.006090991,0.006270511
Update,293043.78165674134,18315.236353546334,0.0066542235555555555,0.006551922,0.006866293
Triad,304053.79725186044,25337.816437655034,0.009691363555555558,0.009472008,0.010034893
Daxpy,312004.67226996727,26000.389355830604,0.009459763222222223,0.009230631,0.009858092
STriad,310998.51093265053,19437.40693329066,0.012651674555555556,0.012347326,0.012917123
SDaxpy,310280.36416572076,19392.522760357548,0.012565319555555557,0.012375904,0.0128721
